date,Open,Close
2020-04-12,6887.6,6913.76
2020-04-13,6913.76,6859.43
2020-04-14,6859.43,6879.44
2020-04-15,6879.44,6629.54
2020-04-16,6629.54,7114.55
2020-04-17,7114.55,7037.12
2020-04-18,7037.12,7264.29
2020-04-19,7264.29,7132.88
2020-04-20,7132.88,6842.45
2020-04-21,6842.45,6855.11
2020-04-22,6855.11,7135.41
2020-04-23,7135.41,7489.25
2020-04-24,7489.25,7509.44
2020-04-25,7509.44,7546.92
2020-04-26,7546.92,7701.35
2020-04-27,7701.35,7787.41
2020-04-28,7787.41,7760.32
2020-04-29,7760.32,8784.96
2020-04-30,8784.96,8637.56
2020-05-01,8637.56,8829.12
2020-05-02,8829.12,8981.11
2020-05-03,8981.11,8907.19
2020-05-04,8907.19,8881.65
2020-05-05,8881.65,9029.75
2020-05-06,9029.75,9153.2
2020-05-07,9153.2,9999.93
2020-05-08,9999.93,9808.18
2020-05-09,9808.18,9541.13
2020-05-10,9541.13,8735.05
2020-05-11,8735.05,8568.88
2020-05-12,8568.88,8821.18
2020-05-13,8821.18,9317.44
2020-05-14,9317.44,9793.19
2020-05-15,9793.19,9311.69
2020-05-16,9311.69,9387.08
2020-05-17,9387.08,9670.56
2020-05-18,9670.56,9722.73
2020-05-19,9722.73,9780.2
2020-05-20,9780.2,9509.45
2020-05-21,9509.45,9059.11
2020-05-22,9059.11,9170.74
2020-05-23,9170.74,9186.19
2020-05-24,9186.19,8718.49
2020-05-25,8718.49,8901.48
2020-05-26,8901.48,8844.5
2020-05-27,8844.5,9204.62
2020-05-28,9204.62,9579.71
2020-05-29,9579.71,9424.62
2020-05-30,9424.62,9699.78
2020-05-31,9699.78,9450.47
2020-06-01,9450.47,10211.23
2020-06-02,10211.23,9523.75
2020-06-03,9523.75,9666.06
2020-06-04,9666.06,9794.55
2020-06-05,9794.55,9622.02
2020-06-06,9622.02,9671.46
2020-06-07,9671.46,9750.7
2020-06-08,9750.7,9782.58
2020-06-09,9782.58,9779.7
2020-06-10,9779.7,9891.84
2020-06-11,9891.84,9268.13
2020-06-12,9268.13,9464.23
2020-06-13,9464.23,9474.65
2020-06-14,9474.65,9333.7
2020-06-15,9333.7,9429.65
2020-06-16,9429.65,9526.7
2020-06-17,9526.7,9459.13
2020-06-18,9459.13,9380.67
2020-06-19,9380.67,9301.83
2020-06-20,9301.83,9359.18
2020-06-21,9359.18,9292.81
2020-06-22,9292.81,9691.61
2020-06-23,9691.61,9624.3
2020-06-24,9624.3,9292.94
2020-06-25,9292.94,9241.32
2020-06-26,9241.32,9158.07
2020-06-27,9158.07,9007.14
2020-06-28,9007.14,9120.39
2020-06-29,9120.39,9187.07
2020-06-30,9187.07,9136.47
2020-07-01,9136.47,9238.89
2020-07-02,9238.89,9092.8
2020-07-03,9092.8,9066.46
2020-07-04,9066.46,9142.2
2020-07-05,9142.2,9081.44
2020-07-06,9081.44,9347.05
2020-07-07,9347.05,9257.32
2020-07-08,9257.32,9439.2
2020-07-09,9439.2,9238.95
2020-07-10,9238.95,9288.57
2020-07-11,9288.57,9237.13
2020-07-12,9237.13,9300.95
2020-07-13,9300.95,9237.89
2020-07-14,9237.89,9256.07
2020-07-15,9256.07,9193.22
2020-07-16,9193.22,9133.23
2020-07-17,9133.23,9156.79
2020-07-18,9156.79,9177.22
2020-07-19,9177.22,9216.02
2020-07-20,9216.02,9164.42
2020-07-21,9164.42,9392.83
2020-07-22,9392.83,9537.24
2020-07-23,9537.24,9615.21
2020-07-24,9615.21,9550.23
2020-07-25,9550.23,9708.41
2020-07-26,9708.41,9942.01
2020-07-27,9942.01,11042.94
2020-07-28,11042.94,10933.26
2020-07-29,10933.26,11112.04
2020-07-30,11112.04,11113.66
2020-07-31,11113.66,11352.72
2020-08-01,11352.72,11812.42
2020-08-02,11812.42,11063.5
2020-08-03,11063.5,11234.73
2020-08-04,11234.73,11194.18
2020-08-05,11194.18,11752.05
2020-08-06,11752.05,11771.27
2020-08-07,11771.27,11603.82
2020-08-08,11603.82,11770.77
2020-08-09,11770.77,11686.34
2020-08-10,11686.34,11897.41
2020-08-11,11897.41,11389.01
2020-08-12,11389.01,11570.19
2020-08-13,11570.19,11790.68
2020-08-14,11790.68,11774.52
2020-08-15,11774.52,11860.91
2020-08-16,11860.91,11917.97
2020-08-17,11917.97,12301.19
2020-08-18,12301.19,11956.69
2020-08-19,11956.69,11760.37
2020-08-20,11760.37,11863.43
2020-08-21,11863.43,11527.35
2020-08-22,11527.35,11670.42
2020-08-23,11670.42,11651.52
2020-08-24,11651.52,11756.4
2020-08-25,11756.4,11330.56
2020-08-26,11330.56,11466.89
2020-08-27,11466.89,11331.02
2020-08-28,11331.02,11535.21
2020-08-29,11535.21,11480.48
2020-08-30,11480.48,11716.54
2020-08-31,11716.54,11657.81
2020-09-01,11657.81,11926.69
2020-09-02,11926.69,11397.9
2020-09-03,11397.9,10174.62
2020-09-04,10174.62,10467.33
2020-09-05,10467.33,10167.97
2020-09-06,10167.97,10260.37
2020-09-07,10260.37,10379.08
2020-09-08,10379.08,10128.54
2020-09-09,10128.54,10228.85
2020-09-10,10228.85,10345.68
2020-09-11,10345.68,10398.5
2020-09-12,10398.5,10448.0
2020-09-13,10448.0,10332.36
2020-09-14,10332.36,10678.31
2020-09-15,10678.31,10786.7
2020-09-16,10786.7,10957.1
2020-09-17,10957.1,10945.14
2020-09-18,10945.14,10937.89
2020-09-19,10937.89,11083.61
2020-09-20,11083.61,10921.85
2020-09-21,10921.85,10418.14
2020-09-22,10418.14,10534.73
2020-09-23,10534.73,10238.09
2020-09-24,10238.09,10742.98
2020-09-25,10742.98,10694.12
2020-09-26,10694.12,10734.23
2020-09-27,10734.23,10781.47
2020-09-28,10781.47,10699.0
2020-09-29,10699.0,10841.29
2020-09-30,10841.29,10779.42
2020-10-01,10779.42,10622.79
2020-10-02,10622.79,10576.64
2020-10-03,10576.64,10552.04
2020-10-04,10552.04,10675.52
2020-10-05,10675.52,10795.11
2020-10-06,10795.11,10603.9
2020-10-07,10603.9,10672.67
2020-10-08,10672.67,10929.4
2020-10-09,10929.4,11058.78
2020-10-10,11058.78,11301.57
2020-10-11,11301.57,11375.51
2020-10-12,11375.51,11539.76
2020-10-13,11539.76,11427.29
2020-10-14,11427.29,11429.3
2020-10-15,11429.3,11508.31
2020-10-16,11508.31,11326.25
2020-10-17,11326.25,11367.65
2020-10-18,11367.65,11513.33
2020-10-19,11513.33,11756.88
2020-10-20,11756.88,11921.78
2020-10-21,11921.78,12813.11
2020-10-22,12813.11,12990.25
2020-10-23,12990.25,12937.2
2020-10-24,12937.2,13126.13
2020-10-25,13126.13,13041.21
2020-10-26,13041.21,13069.43
2020-10-27,13069.43,13646.02
2020-10-28,13646.02,13285.97
2020-10-29,13285.97,13462.18
2020-10-30,13462.18,13565.95
2020-10-31,13565.95,13803.41
2020-11-01,13803.41,13761.72
2020-11-02,13761.72,13571.24
2020-11-03,13571.24,14023.78
2020-11-04,14023.78,14157.73
2020-11-05,14157.73,15599.92
2020-11-06,15599.92,15590.62
2020-11-07,15590.62,14838.16
2020-11-08,14838.16,15488.25
2020-11-09,15488.25,15335.03
2020-11-10,15335.03,15313.73
2020-11-11,15313.73,15707.08
2020-11-12,15707.08,16306.53
2020-11-13,16306.53,16332.85
2020-11-14,16332.85,16075.95
2020-11-15,16075.95,15964.7
2020-11-16,15964.7,16721.46
2020-11-17,16721.46,17681.54
2020-11-18,17681.54,17786.27
2020-11-19,17786.27,17824.64
2020-11-20,17824.64,18672.78
2020-11-21,18672.78,18704.06
2020-11-22,18704.06,18430.59
2020-11-23,18430.59,18385.74
2020-11-24,18385.74,19157.16
2020-11-25,19157.16,18725.76
2020-11-26,18725.76,17175.86
2020-11-27,17175.86,17155.0
2020-11-28,17155.0,17739.9
2020-11-29,17739.9,18199.23
2020-11-30,18199.23,19686.87
2020-12-01,19686.87,18792.03
2020-12-02,18792.03,19226.19
2020-12-03,19226.19,19448.44
2020-12-04,19448.44,18665.0
2020-12-05,18665.0,19156.84
2020-12-06,19156.84,19378.94
2020-12-07,19378.94,19181.41
2020-12-08,19181.41,18323.52
2020-12-09,18323.52,18549.92
2020-12-10,18549.92,18250.47
2020-12-11,18250.47,18034.86
2020-12-12,18034.86,18814.98
2020-12-13,18814.98,19169.05
2020-12-14,19169.05,19274.69
2020-12-15,19274.69,19441.96
2020-12-16,19441.96,21352.13
2020-12-17,21352.13,22822.17
2020-12-18,22822.17,23135.57
2020-12-19,23135.57,23844.72
2020-12-20,23844.72,23467.06
2020-12-21,23467.06,22727.13
2020-12-22,22727.13,23823.32
2020-12-23,23823.32,23239.5
2020-12-24,23239.5,23724.2
2020-12-25,23724.2,24707.98
2020-12-26,24707.98,26445.7
2020-12-27,26445.7,26249.27
2020-12-28,26249.27,27039.45
2020-12-29,27039.45,27360.78
2020-12-30,27360.78,28889.61
2020-12-31,28889.61,28972.4
2021-01-01,28972.4,29388.94
2021-01-02,29388.94,32203.64
2021-01-03,32203.64,33063.48
2021-01-04,33063.48,32030.55
2021-01-05,32030.55,34038.29
2021-01-06,34038.29,36849.86
2021-01-07,36849.86,39479.41
2021-01-08,39479.41,40636.24
2021-01-09,40636.24,40236.66
2021-01-10,40236.66,38202.08
2021-01-11,38202.08,35496.03
2021-01-12,35496.03,34058.4
2021-01-13,34058.4,37380.85
2021-01-14,37380.85,39155.58
2021-01-15,39155.58,36790.17
2021-01-16,36790.17,36025.26
2021-01-17,36025.26,35839.51
2021-01-18,35839.51,36623.04
2021-01-19,36623.04,35932.79
2021-01-20,35932.79,35501.38
2021-01-21,35501.38,30840.3
2021-01-22,30840.3,33008.02
2021-01-23,33008.02,32107.29
2021-01-24,32107.29,32283.66
2021-01-25,32283.66,32275.27
2021-01-26,32275.27,32516.52
2021-01-27,32516.52,30423.05
2021-01-28,30423.05,33443.87
2021-01-29,33443.87,34252.08
2021-01-30,34252.08,34317.82
2021-01-31,34317.82,33143.22
2021-02-01,33143.22,33535.94
2021-02-02,33535.94,35524.43
2021-02-03,35524.43,37677.34
2021-02-04,37677.34,36983.42
2021-02-05,36983.42,38310.24
2021-02-06,38310.24,39267.01
2021-02-07,39267.01,38868.82
2021-02-08,38868.82,46437.41
2021-02-09,46437.41,46509.57
2021-02-10,46509.57,44854.95
2021-02-11,44854.95,48006.18
2021-02-12,48006.18,47435.54
2021-02-13,47435.54,47222.32
2021-02-14,47222.32,48652.87
2021-02-15,48652.87,47936.51
2021-02-16,47936.51,49184.63
2021-02-17,49184.63,52154.91
2021-02-18,52154.91,51591.61
2021-02-19,51591.61,55933.47
2021-02-20,55933.47,55900.84
2021-02-21,55900.84,57469.95
2021-02-22,57469.95,54121.17
2021-02-23,54121.17,48898.7
2021-02-24,48898.7,49738.17
2021-02-25,49738.17,47082.87
2021-02-26,47082.87,46324.5
2021-02-27,46324.5,46191.39
2021-02-28,46191.39,45261.03
2021-03-01,45261.03,49635.07
2021-03-02,49635.07,48501.21
2021-03-03,48501.21,50392.55
2021-03-04,50392.55,48363.74
2021-03-05,48363.74,48775.37
2021-03-06,48775.37,48892.8
2021-03-07,48892.8,50964.18
2021-03-08,50964.18,52405.02
2021-03-09,52405.02,54928.7
2021-03-10,54928.7,55893.31
2021-03-11,55893.31,57809.41
2021-03-12,57809.41,57256.22
2021-03-13,57256.22,61179.79
2021-03-14,61179.79,58998.89
2021-03-15,58998.89,55665.01
2021-03-16,55665.01,56925.01
2021-03-17,56925.01,58909.0
2021-03-18,58909.0,57643.32
2021-03-19,57643.32,58060.21
2021-03-20,58060.21,58101.34
2021-03-21,58101.34,57374.95
2021-03-22,57374.95,54095.36
2021-03-23,54095.36,54355.45
2021-03-24,54355.45,52303.02
2021-03-25,52303.02,51336.09
2021-03-26,51336.09,55055.43
2021-03-27,55055.43,55863.73
2021-03-28,55863.73,55781.01
2021-03-29,55781.01,57626.1
2021-03-30,57626.1,58781.54
2021-03-31,58781.54,58793.8
2021-04-01,58793.8,58730.82
2021-04-02,58730.82,58987.8
2021-04-03,58987.8,57074.97
2021-04-04,57074.97,58219.43
2021-04-05,58219.43,59119.56
2021-04-06,59119.56,58010.35
2021-04-07,58010.35,55951.98
2021-04-08,55951.98,58084.46
2021-04-09,58084.46,58106.85
2021-04-10,58106.85,59784.8
2021-04-11,59784.8,59980.45
2021-04-12,59980.45,59845.76
2021-04-13,59845.76,63558.48
2021-04-14,63558.48,62964.27
2021-04-15,62964.27,63233.03
2021-04-16,63233.03,61416.41
2021-04-17,61416.41,60056.07
2021-04-18,60056.07,56246.82
2021-04-19,56246.82,55680.11
2021-04-20,55680.11,56496.06
2021-04-21,56496.06,53803.25
2021-04-22,53803.25,51717.61
2021-04-23,51717.61,51178.03
2021-04-24,51178.03,50115.99
2021-04-25,50115.99,49120.97
2021-04-26,49120.97,54062.29
2021-04-27,54062.29,55073.48
2021-04-28,55073.48,54877.94
2021-04-29,54877.94,53581.58
2021-04-30,53581.58,57757.97
2021-05-01,57757.97,57843.16
2021-05-02,57843.16,56623.51
2021-05-03,56623.51,57195.07
2021-05-04,57195.07,53244.07
2021-05-05,53244.07,57506.88
2021-05-06,57506.88,56441.94
2021-05-07,56441.94,57374.33
2021-05-08,57374.33,58943.13
2021-05-09,58943.13,58294.18
2021-05-10,58294.18,55870.01
2021-05-11,55870.01,56747.52
2021-05-12,56747.52,49504.08
2021-05-13,49504.08,49700.6
2021-05-14,49700.6,49887.96
2021-05-15,49887.96,46775.29
2021-05-16,46775.29,46490.71
2021-05-17,46490.71,43552.14
2021-05-18,43552.14,42886.02
2021-05-19,42886.02,36771.87
2021-05-20,36771.87,40597.4
2021-05-21,40597.4,37350.39
2021-05-22,37350.39,37491.5
2021-05-23,37491.5,34716.84
2021-05-24,34716.84,38837.76
2021-05-25,38837.76,38387.36
2021-05-26,38387.36,39295.08
2021-05-27,39295.08,38538.84
2021-05-28,38538.84,35680.92
2021-05-29,35680.92,34611.58
2021-05-30,34611.58,35662.59
2021-05-31,35662.59,37290.83
2021-06-01,37290.83,36683.51
2021-06-02,36683.51,37576.98
2021-06-03,37576.98,39229.66
2021-06-04,39229.66,36861.5
2021-06-05,36861.5,35538.4
2021-06-06,35538.4,35798.57
2021-06-07,35798.57,33582.86
2021-06-08,33582.86,33409.38
2021-06-09,33409.38,37391.58
2021-06-10,37391.58,36680.78
2021-06-11,36680.78,37339.98
2021-06-12,37339.98,35541.78
2021-06-13,35541.78,39017.37
2021-06-14,39017.37,40526.63
2021-06-15,40526.63,40161.86
2021-06-16,40161.86,38345.41
2021-06-17,38345.41,38082.3
2021-06-18,38082.3,35830.29
2021-06-19,35830.29,35515.38
2021-06-20,35515.38,35602.26
2021-06-21,35602.26,31652.62
2021-06-22,31652.62,32537.58
2021-06-23,32537.58,33678.64
2021-06-24,33678.64,34649.84
2021-06-25,34649.84,31593.86
2021-06-26,31593.86,32307.35
2021-06-27,32307.35,34713.81
2021-06-28,34713.81,34487.11
2021-06-29,34487.11,35901.41
2021-06-30,35901.41,35056.39
2021-07-01,35056.39,33543.11
2021-07-02,33543.11,33804.54
2021-07-03,33804.54,34682.84
2021-07-04,34682.84,35287.97
2021-07-05,35287.97,33702.79
2021-07-06,33702.79,34237.66
2021-07-07,34237.66,33880.79
2021-07-08,33880.79,32874.01
2021-07-09,32874.01,33804.2
2021-07-10,33804.2,33515.13
2021-07-11,33515.13,34249.3
2021-07-12,34249.3,33088.51
2021-07-13,33088.51,32737.47
2021-07-14,32737.47,32820.5
2021-07-15,32820.5,31867.46
2021-07-16,31867.46,31401.76
2021-07-17,31401.76,31546.64
2021-07-18,31546.64,31806.3
2021-07-19,31806.3,30847.55
2021-07-20,30847.55,29795.55
2021-07-21,29795.55,32139.48
2021-07-22,32139.48,32299.47
2021-07-23,32299.47,33637.92
2021-07-24,33637.92,34282.56
2021-07-25,34282.56,35369.93
2021-07-26,35369.93,37269.52
2021-07-27,37269.52,39496.69
2021-07-28,39496.69,40030.01
2021-07-29,40030.01,40030.52
2021-07-30,40030.52,42231.83
2021-07-31,42231.83,41474.72
2021-08-01,41474.72,39870.76
2021-08-02,39870.76,39158.53
2021-08-03,39158.53,38189.3
2021-08-04,38189.3,39738.56
2021-08-05,39738.56,40888.18
2021-08-06,40888.18,42852.18
2021-08-07,42852.18,44617.96
2021-08-08,44617.96,43827.75
2021-08-09,43827.75,46292.61
2021-08-10,46292.61,45601.03
2021-08-11,45601.03,45556.69
2021-08-12,45556.69,44425.52
2021-08-13,44425.52,47832.93
2021-08-14,47832.93,47102.03
2021-08-15,47102.03,47015.94
2021-08-16,47015.94,45927.4
2021-08-17,45927.4,44684.43
2021-08-18,44684.43,44714.54
2021-08-19,44714.54,46761.49
2021-08-20,46761.49,49336.45
2021-08-21,49336.45,48867.87
2021-08-22,48867.87,49289.71
2021-08-23,49289.71,49521.06
2021-08-24,49521.06,47690.54
2021-08-25,47690.54,48996.44
2021-08-26,48996.44,46852.22
2021-08-27,46852.22,49088.1
2021-08-28,49088.1,48918.9
2021-08-29,48918.9,48794.26
2021-08-30,48794.26,46993.31
2021-08-31,46993.31,47159.26
2021-09-01,47159.26,48840.01
2021-09-02,48840.01,49280.77
2021-09-03,49280.77,50019.51
2021-09-04,50019.51,49935.29
2021-09-05,49935.29,51784.16
2021-09-06,51784.16,52693.32
2021-09-07,52693.32,46856.31
2021-09-08,46856.31,46073.45
2021-09-09,46073.45,46392.85
2021-09-10,46392.85,44853.1
2021-09-11,44853.1,45166.12
2021-09-12,45166.12,46049.72
2021-09-13,46049.72,44958.56
2021-09-14,44958.56,47129.01
2021-09-15,47129.01,48148.45
2021-09-16,48148.45,47764.47
2021-09-17,47764.47,47297.98
2021-09-18,47297.98,48312.46
2021-09-19,48312.46,47251.76
2021-09-20,47251.76,42925.46
2021-09-21,42925.46,40709.59
2021-09-22,40709.59,43576.15
2021-09-23,43576.15,44893.87
2021-09-24,44893.87,42848.41
2021-09-25,42848.41,42721.91
2021-09-26,42721.91,43201.79
2021-09-27,43201.79,42187.51
2021-09-28,42187.51,41056.79
2021-09-29,41056.79,41539.43
2021-09-30,41539.43,43829.34
2021-10-01,43829.34,48164.35
2021-10-02,48164.35,47669.02
2021-10-03,47669.02,48234.05
2021-10-04,48234.05,49276.91
2021-10-05,49276.91,51504.27
2021-10-06,51504.27,55345.85
2021-10-07,55343.24,53797.21
2021-10-08,53796.22,53949.29
2021-10-09,53949.29,54968.04
2021-10-10,54968.04,54700.24
2021-10-11,54700.24,57498.8
2021-10-12,57498.8,56010.9
2021-10-13,56010.9,57369.0
2021-10-14,57369.0,57359.21
2021-10-15,57359.21,61684.96
2021-10-16,61684.96,60877.77
2021-10-17,60877.77,61520.54
2021-10-18,61520.54,62038.16
2021-10-19,62038.16,64283.97
2021-10-20,64283.97,66021.02
2021-10-21,66021.02,62283.96
2021-10-22,62283.96,60693.59
2021-10-23,60693.59,61313.09
2021-10-24,61313.09,60863.56
2021-10-25,60863.56,63089.04
2021-10-26,63089.04,60315.68
2021-10-27,60315.68,58464.42
2021-10-28,58464.42,60610.11
2021-10-29,60610.11,62282.5
2021-10-30,62282.5,61891.91
2021-10-31,61891.91,61349.75
2021-11-01,61349.75,60960.98
2021-11-02,60960.98,63260.05
2021-11-03,63260.05,62929.93
2021-11-04,62929.93,61448.47
2021-11-05,61448.47,61019.66
2021-11-06,61019.66,61529.76
2021-11-07,61529.76,63302.78
2021-11-08,63302.78,67549.14
2021-11-09,67549.14,66939.24
2021-11-10,66939.24,64926.06
2021-11-11,64926.06,64820.8
2021-11-12,64820.8,64156.3
2021-11-13,64156.3,64409.56
2021-11-14,64409.56,65509.06
2021-11-15,65509.06,63614.06
2021-11-16,63614.06,60108.9
2021-11-17,60108.9,60365.6
2021-11-18,60365.6,56930.68
2021-11-19,56930.68,58136.22
2021-11-20,58136.22,59769.66
2021-11-21,59769.66,58700.83
2021-11-22,58700.83,56303.06
2021-11-23,56303.06,57566.6
2021-11-24,57566.6,57175.09
2021-11-25,57175.09,58966.99
2021-11-26,58966.99,53788.22
2021-11-27,53788.22,54805.03
2021-11-28,54805.03,57331.41
2021-11-29,57331.41,57839.55
2021-11-30,57839.55,56975.35
2021-12-01,56975.35,57227.97
2021-12-02,57227.97,56522.76
2021-12-03,56522.76,53663.25
2021-12-04,53663.25,49243.39
2021-12-05,49243.39,49465.5
2021-12-06,49465.5,50552.83
2021-12-07,50552.83,50633.01
2021-12-08,50633.01,50513.04
2021-12-09,50513.04,47593.85
2021-12-10,47593.85,47191.14
2021-12-11,47191.14,49398.4
2021-12-12,49398.4,50109.99
2021-12-13,50109.99,46731.03
2021-12-14,46731.03,48387.69
2021-12-15,48387.69,48885.05
2021-12-16,48885.05,47635.92
2021-12-17,47635.92,46164.14
2021-12-18,46164.14,46861.62
2021-12-19,46861.62,46697.13
2021-12-20,46697.13,46913.54
2021-12-21,46913.54,48917.48
2021-12-22,48917.48,48614.97
2021-12-23,48614.97,50830.2
2021-12-24,50830.2,50840.36
2021-12-25,50840.36,50431.63
2021-12-26,50431.63,50790.88
2021-12-27,50790.88,50714.73
2021-12-28,50714.73,47536.39
2021-12-29,47536.39,46471.7
2021-12-30,46471.7,47129.66
2021-12-31,47129.66,46197.31
2022-01-01,46197.31,47737.35
2022-01-02,47737.35,47306.41
2022-01-03,47306.41,46450.79
2022-01-04,46450.79,45824.54
2022-01-05,45824.54,43432.51
2022-01-06,43432.51,43094.54
2022-01-07,43094.54,41543.79
2022-01-08,41543.79,41686.67
2022-01-09,41686.67,41869.6
2022-01-10,41869.6,41832.59
2022-01-11,41832.59,42743.03
2022-01-12,42743.03,43919.67
2022-01-13,43919.67,42575.61
2022-01-14,42575.61,43089.83
2022-01-15,43089.83,43088.74
2022-01-16,43088.74,43100.36
2022-01-17,43100.36,42224.38
2022-01-18,42224.38,42372.75
2022-01-19,42372.75,41674.8
2022-01-20,41674.8,40697.03
2022-01-21,40697.03,36469.3
2022-01-22,36469.3,35075.92
2022-01-23,35075.92,36288.15
2022-01-24,36288.15,36702.79
2022-01-25,36702.79,36975.99
2022-01-26,36975.99,36829.37
2022-01-27,36829.37,37189.85
2022-01-28,37189.85,37744.7
2022-01-29,37744.7,38184.86
2022-01-30,38184.86,37908.44
2022-01-31,37908.44,38494.66
2022-02-01,38494.66,38721.49
2022-02-02,38721.49,36918.19
2022-02-03,36918.19,37328.64
2022-02-04,37328.64,41590.34
2022-02-05,41590.34,41418.21
2022-02-06,41418.21,42412.41
2022-02-07,42412.41,43861.07
2022-02-08,43861.07,44080.12
2022-02-09,44080.12,44422.91
2022-02-10,44422.91,43531.67
2022-02-11,43531.67,42398.98
2022-02-12,42398.98,42239.01
2022-02-13,42239.01,42069.84
2022-02-14,42069.84,42552.28
2022-02-15,42552.28,44576.33
2022-02-16,44576.33,43896.34
2022-02-17,43896.34,40545.09
2022-02-18,40545.09,39994.66
2022-02-19,39994.66,40107.12
2022-02-20,40107.12,38397.25
2022-02-21,38397.25,37037.39
2022-02-22,37037.39,38267.75
2022-02-23,38267.75,37270.85
2022-02-24,37270.85,38353.62
2022-02-25,38353.62,39239.77
2022-02-26,39239.77,39134.83
2022-02-27,39134.83,37714.96
2022-02-28,37714.96,43189.46
2022-03-01,43189.46,44428.47
2022-03-02,44428.47,43935.37
2022-03-03,43935.37,42474.37
2022-03-04,42474.37,39154.4
2022-03-05,39154.4,39407.02
2022-03-06,39407.02,38428.92
2022-03-07,38428.92,38030.63
2022-03-08,38030.63,38748.52
2022-03-09,38748.52,41962.85
2022-03-10,41962.85,39443.42
2022-03-11,39443.42,38741.03
2022-03-12,38741.03,38805.53
2022-03-13,38805.53,37796.31
2022-03-14,37796.31,39696.28
2022-03-15,39696.28,39314.86
2022-03-16,39314.86,41133.64
2022-03-17,41133.64,40956.79
2022-03-18,40956.79,41790.97
2022-03-19,41790.97,42235.02
2022-03-20,42235.02,41243.16
2022-03-21,41243.16,41043.9
2022-03-22,41043.9,42380.11
2022-03-23,42380.11,42904.1
2022-03-24,42904.1,44006.77
2022-03-25,44006.77,44331.36
2022-03-26,44331.36,44542.31
2022-03-27,44542.31,46842.14
2022-03-28,46842.14,47128.71
2022-03-29,47128.71,47445.3
2022-03-30,47445.3,47056.41
2022-03-31,47056.41,45522.65
2022-04-01,45522.65,46299.75
2022-04-02,46299.75,45822.28
2022-04-03,45822.28,46414.26
2022-04-04,46414.26,46609.36
2022-04-05,46609.36,45501.58
2022-04-06,45501.58,43177.78
2022-04-07,43177.78,43466.21
2022-04-08,43466.21,42273.38
2022-04-09,42273.38,42768.61
2022-04-10,42768.61,42153.77
2022-04-11,42153.77,39536.71
2022-04-12,39536.71,40086.66
2022-04-13,40086.66,41150.33
2022-04-14,41150.33,39951.63
2022-04-15,39951.63,40563.69
2022-04-16,40563.69,40392.55
2022-04-17,40392.55,39688.16
2022-04-18,39688.16,40811.03
2022-04-19,40811.03,41504.44
2022-04-20,41504.44,41375.35
2022-04-21,41375.35,40490.97
2022-04-22,40490.97,39716.04
2022-04-23,39716.04,39445.97
2022-04-24,39445.97,39466.26
2022-04-25,39466.26,40437.52
2022-04-26,40437.52,38117.39
2022-04-27,38117.39,39252.04
2022-04-28,39252.04,39749.75
2022-04-29,39749.75,38594.22
2022-04-30,38594.22,37650.13
2022-05-01,37650.13,38480.53
2022-05-02,38480.53,38513.01
2022-05-03,38513.01,37725.38
2022-05-04,37725.38,39680.21
2022-05-05,39680.21,36546.86
2022-05-06,36546.86,36009.89
2022-05-07,36009.89,35469.21
2022-05-08,35469.21,34033.77
2022-05-09,34033.77,30076.9
2022-05-10,30076.9,31013.12
2022-05-11,31013.12,29017.21
2022-05-12,29017.21,28915.72
2022-05-13,28915.72,29244.83
2022-05-14,29244.83,30050.31
2022-05-15,30050.31,31296.11
2022-05-16,31296.11,29838.5
2022-05-17,29838.5,30415.91
2022-05-18,30415.91,28667.29
2022-05-19,28667.29,30282.48
2022-05-20,30282.48,29166.15
2022-05-21,29166.15,29410.72
2022-05-22,29410.72,30264.29
2022-05-23,30264.29,29075.68
2022-05-24,29075.68,29630.05
2022-05-25,29630.05,29508.27
2022-05-26,29508.27,29188.71
2022-05-27,29188.71,28597.33
2022-05-28,28597.33,29013.53
2022-05-29,29013.53,29452.23
2022-05-30,29452.23,31716.41
2022-05-31,31716.41,31782.16
2022-06-01,31782.16,29789.58
2022-06-02,29789.58,30439.63
2022-06-03,30439.63,29680.3
2022-06-04,29680.3,29845.48
2022-06-05,29845.48,29897.9
2022-06-06,29897.9,31353.78
2022-06-07,31353.78,31111.75
2022-06-08,31111.75,30189.27
2022-06-09,30189.27,30082.94
2022-06-10,30082.94,29067.38
2022-06-11,29067.38,28389.49
2022-06-12,28389.49,26587.35
2022-06-13,26587.35,22471.59
2022-06-14,22471.59,22118.37
2022-06-15,22118.37,22566.73
2022-06-16,22566.73,20372.85
2022-06-17,20372.85,20432.26
2022-06-18,20432.26,18954.25
2022-06-19,18954.25,20553.48
2022-06-20,20553.48,20550.91
2022-06-21,20550.91,20699.21
2022-06-22,20699.21,19956.16
2022-06-23,19956.16,21098.41
2022-06-24,21098.41,21219.46
2022-06-25,21219.46,21474.19
2022-06-26,21474.19,21031.85
2022-06-27,21031.85,20718.16
2022-06-28,20718.16,20251.96
2022-06-29,20251.96,20094.16
2022-06-30,20094.16,19908.49
2022-07-01,19908.49,19249.33
2022-07-02,19249.33,19225.66
2022-07-03,19225.66,19294.21
2022-07-04,19294.21,20212.81
2022-07-05,20212.81,20158.69
2022-07-06,20158.69,20545.04
2022-07-07,20545.04,21611.8
2022-07-08,21611.8,21592.65
2022-07-09,21592.65,21582.17
2022-07-10,21582.17,20846.53
2022-07-11,20846.53,19944.25
2022-07-12,19944.25,19309.71
2022-07-13,19309.71,20230.81
2022-07-14,20230.81,20577.38
2022-07-15,20577.38,20827.27
2022-07-16,20827.27,21199.01
2022-07-17,21199.01,20792.81
2022-07-18,20792.81,22447.39
2022-07-19,22447.39,23399.91
2022-07-20,23399.91,23222.77
2022-07-21,23222.77,23153.54
2022-07-22,23153.54,22686.32
2022-07-23,22686.32,22452.14
2022-07-24,22452.14,22585.4
2022-07-25,22585.4,21305.59
2022-07-26,21305.59,21258.08
2022-07-27,21258.08,22960.19
2022-07-28,22960.19,23855.65
2022-07-29,23855.65,23769.15
2022-07-30,23769.15,23646.03
2022-07-31,23646.03,23308.14
2022-08-01,23308.14,23271.57
2022-08-02,23271.57,22991.49
2022-08-03,22991.49,22825.25
2022-08-04,22825.25,22622.99
2022-08-05,22622.99,23319.22
2022-08-06,23319.22,22956.4
2022-08-07,22956.4,23179.86
2022-08-08,23179.86,23817.72
2022-08-09,23817.72,23156.66
2022-08-10,23156.66,23959.67
2022-08-11,23959.67,23943.36
2022-08-12,23943.36,24412.17
2022-08-13,24412.17,24449.86
2022-08-14,24449.86,24313.71
2022-08-15,24313.71,24101.69
2022-08-16,24101.69,23858.64
2022-08-17,23858.64,23338.03
2022-08-18,23338.03,23201.51
2022-08-19,23201.51,20833.43
2022-08-20,20833.43,21142.06
2022-08-21,21142.06,21514.79
2022-08-22,21514.79,21399.66
2022-08-23,21399.66,21520.62
2022-08-24,21520.62,21369.05
2022-08-25,21369.05,21565.47
2022-08-26,21565.47,20247.99
2022-08-27,20247.99,20038.42
2022-08-28,20038.42,19554.08
2022-08-29,19554.08,20292.37
2022-08-30,20292.37,19813.51
2022-08-31,19813.51,20050.28
2022-09-01,20050.28,20129.93
2022-09-02,20129.93,19957.44
2022-09-03,19957.44,19834.79
2022-09-04,19834.79,20003.46
2022-09-05,20003.46,19793.29
2022-09-06,19793.29,18791.95
2022-09-07,18791.95,19287.52
2022-09-08,19287.52,19321.77
2022-09-09,19321.77,21369.73
2022-09-10,21369.73,21655.13
2022-09-11,21655.13,21836.45
2022-09-12,21836.45,22400.52
2022-09-13,22400.52,20173.77
2022-09-14,20173.77,20233.68
2022-09-15,20233.68,19700.15
2022-09-16,19700.15,19804.02
2022-09-17,19804.02,20118.35
2022-09-18,20118.35,19417.72
2022-09-19,19417.72,19541.28
2022-09-20,19541.28,18879.95
2022-09-21,18879.95,18468.05
2022-09-22,18468.05,19405.96
2022-09-23,19405.96,19291.13
2022-09-24,19291.13,18924.39
2022-09-25,18924.39,18809.94
2022-09-26,18809.94,19230.96
2022-09-27,19230.96,19081.4
2022-09-28,19081.4,19412.67
2022-09-29,19412.67,19593.46
2022-09-30,19593.46,19425.63
2022-10-01,19425.63,19313.96
2022-10-02,19313.96,19058.15
2022-10-03,19058.15,19632.35
2022-10-04,19632.35,20344.58
2022-10-05,20344.58,20160.74
2022-10-06,20160.74,19965.12
2022-10-07,19965.12,19532.81
2022-10-08,19532.81,19419.32
2022-10-09,19419.32,19442.41
2022-10-10,19442.41,19131.36
2022-10-11,19131.36,19058.29
2022-10-12,19058.29,19154.85
2022-10-13,19154.85,19378.91
2022-10-14,19378.91,19182.01
2022-10-15,19182.01,19069.72
2022-10-16,19069.72,19264.26
2022-10-17,19264.26,19550.49
2022-10-18,19550.49,19330.29
2022-10-19,19330.29,19123.89
2022-10-20,19123.89,19043.54
2022-10-21,19043.54,19166.4
2022-10-22,19166.4,19207.57
2022-10-23,19207.57,19572.6
2022-10-24,19572.6,19331.06
2022-10-25,19331.06,20087.18
2022-10-26,20087.18,20776.76
2022-10-27,20776.76,20295.28
2022-10-28,20295.28,20599.89
2022-10-29,20599.89,20820.19
2022-10-30,20820.19,20630.65
2022-10-31,20630.65,20492.56
2022-11-01,20492.56,20480.27
2022-11-02,20480.27,20150.33
2022-11-03,20150.33,20207.99
2022-11-04,20207.99,21150.6
2022-11-05,21150.6,21301.57
2022-11-06,21301.57,20910.59
2022-11-07,20910.59,20593.73
2022-11-08,20593.73,18544.7
2022-11-09,18544.7,15820.02
2022-11-10,15820.02,17559.67
2022-11-11,17559.67,17007.72
2022-11-12,17007.72,16773.9
2022-11-13,16773.9,16307.47
2022-11-14,16307.47,16592.04
2022-11-15,16592.04,16879.14
2022-11-16,16879.14,16648.05
2022-11-17,16648.05,16680.21
2022-11-18,16680.21,16677.95
2022-11-19,16677.95,16683.72
2022-11-20,16683.72,16253.6
2022-11-21,16253.6,15760.19
2022-11-22,15760.19,16198.25
2022-11-23,16198.25,16590.98
2022-11-24,16590.98,16588.46
2022-11-25,16588.46,16508.33
2022-11-26,16508.33,16451.53
2022-11-27,16451.53,16420.87
2022-11-28,16420.87,16207.01
2022-11-29,16207.01,16431.79
2022-11-30,16431.79,17162.35
2022-12-01,17162.35,16978.64
2022-12-02,16978.64,17094.49
2022-12-03,17094.49,16888.31
2022-12-04,16888.31,17111.76
2022-12-05,17111.76,16966.84
2022-12-06,16966.84,17086.52
2022-12-07,17086.52,16837.85
2022-12-08,16837.85,17226.02
2022-12-09,17226.02,17126.85
2022-12-10,17126.85,17129.19
2022-12-11,17129.19,17094.83
2022-12-12,17094.83,17208.66
2022-12-13,17208.66,17775.32
2022-12-14,17775.32,17801.37
2022-12-15,17801.37,17359.21
2022-12-16,17359.21,16658.44
2022-12-17,16658.44,16780.55
2022-12-18,16780.55,16742.74
2022-12-19,16742.74,16442.79
2022-12-20,16442.79,16901.12
2022-12-21,16901.12,16821.13
2022-12-22,16821.13,16816.01
2022-12-23,16816.01,16780.97
2022-12-24,16780.97,16837.16
2022-12-25,16837.16,16829.1
2022-12-26,16829.1,16916.07
2022-12-27,16916.07,16700.54
2022-12-28,16700.54,16540.47
2022-12-29,16540.47,16631.24
2022-12-30,16631.24,16599.47
2022-12-31,16599.47,16531.31
2023-01-01,16531.31,16613.87
2023-01-02,16613.87,16670.08
2023-01-03,16670.08,16670.16
2023-01-04,16670.16,16846.82
2023-01-05,16846.82,16825.87
2023-01-06,16825.87,16946.16
2023-01-07,16946.16,16942.73
2023-01-08,16942.73,17115.81
2023-01-09,17115.81,17179.03
2023-01-10,17179.03,17442.44
2023-01-11,17442.44,17938.0
2023-01-12,17938.0,18849.0
2023-01-13,18849.0,19932.05
2023-01-14,19932.05,20954.52
2023-01-15,20954.52,20878.94
2023-01-16,20878.94,21188.92
2023-01-17,21188.92,21136.12
2023-01-18,21136.12,20678.47
2023-01-19,20678.47,21082.28
2023-01-20,21082.28,22676.2
2023-01-21,22676.2,22789.92
2023-01-22,22789.92,22714.99
2023-01-23,22714.99,22917.47
2023-01-24,22917.47,22637.8
2023-01-25,22637.8,23066.28
2023-01-26,23066.28,23009.15
2023-01-27,23009.15,23077.75
2023-01-28,23077.75,23031.02
2023-01-29,23031.02,23747.26
2023-01-30,23747.26,22833.34
2023-01-31,22833.34,23129.7
2023-02-01,23129.7,23730.52
2023-02-02,23730.52,23470.8
2023-02-03,23470.8,23437.21
2023-02-04,23437.21,23332.1
2023-02-05,23332.1,22940.79
2023-02-06,22940.79,22761.44
2023-02-07,22761.44,23252.78
2023-02-08,23252.78,22961.13
2023-02-09,22961.13,21807.55
2023-02-10,21807.55,21634.86
2023-02-11,21634.86,21862.19
2023-02-12,21862.19,21790.14
2023-02-13,21790.14,21787.77
2023-02-14,21787.77,22208.56
2023-02-15,22208.56,24332.21
2023-02-16,24332.21,23533.22
2023-02-17,23533.22,24578.28
2023-02-18,24578.28,24638.27
2023-02-19,24638.27,24287.53
2023-02-20,24287.53,24838.09
2023-02-21,24838.09,24450.5
2023-02-22,24450.5,24186.92
2023-02-23,24186.92,23941.1
2023-02-24,23941.1,23189.78
2023-02-25,23190.14,23168.68
2023-02-26,23168.68,23557.29
2023-02-27,23557.29,23492.86
2023-02-28,23492.86,23137.23
2023-03-01,23137.23,23642.8
2023-03-02,23642.8,23467.23
2023-03-03,23467.23,22360.92
2023-03-04,22360.92,22353.23
2023-03-05,22353.23,22434.09
2023-03-06,22434.09,22410.79
2023-03-07,22410.79,22201.44
2023-03-08,22201.44,21704.74
2023-03-09,21704.74,20370.48
2023-03-10,20370.48,20206.71
2023-03-11,20206.71,20613.6
2023-03-12,20613.6,22183.71
2023-03-13,22183.71,24207.1
2023-03-14,24207.1,24757.56
2023-03-15,24757.56,24372.11
2023-03-16,24372.11,25049.83
2023-03-17,25049.83,27441.41
2023-03-18,27441.41,26973.46
2023-03-19,26973.46,28040.29
2023-03-20,28040.29,27807.05
2023-03-21,27807.05,28188.11
2023-03-22,28188.11,27316.18
2023-03-23,27316.18,28345.7
2023-03-24,28345.7,27493.01
2023-03-25,27493.01,27492.83
2023-03-26,27492.83,27995.16
2023-03-27,27995.16,27146.01
2023-03-28,27146.01,27266.08
2023-03-29,27266.08,28355.7
2023-03-30,28355.7,28040.71
2023-03-31,28040.71,28474.62
2023-04-01,28474.62,28468.49
2023-04-02,28468.49,28187.85
2023-04-03,28187.85,27809.04
2023-04-04,27809.04,28177.23
2023-04-05,28177.23,28180.06
2023-04-06,28180.06,28043.49
2023-04-07,28043.49,27927.8
2023-04-08,27927.8,27953.93
2023-04-09,27953.93,28340.68
2023-04-10,28340.68,29655.75
2023-04-11,29655.75,30226.45
2023-04-12,30226.45,29905.56
2023-04-13,29905.56,30407.76
2023-04-14,30407.76,30491.71
2023-04-15,30491.71,30321.55
2023-04-16,30321.55,30322.37
2023-04-17,30322.37,29446.34
2023-04-18,29446.34,30395.53
2023-04-19,30395.53,28821.91
2023-04-20,28821.91,28248.11
2023-04-21,28248.11,27261.17
2023-04-22,27261.17,27820.73
2023-04-23,27820.73,27596.85
2023-04-24,27596.85,27520.93
2023-04-25,27520.93,28308.07
2023-04-26,28308.07,28432.89
2023-04-27,28432.89,29483.94
2023-04-28,29483.94,29339.99
2023-04-29,29339.99,29251.2
2023-04-30,29251.2,29236.81
2023-05-01,29236.81,28086.77
2023-05-02,28086.77,28694.7
2023-05-03,28694.7,29041.65
2023-05-04,29041.65,28865.72
2023-05-05,28865.72,29548.51
2023-05-06,29548.51,28943.98
2023-05-07,28943.98,28572.81
2023-05-08,28572.81,27783.42
2023-05-09,27783.42,27680.21
2023-05-10,27680.21,27628.73
2023-05-11,27628.73,26991.62
2023-05-12,26991.62,26807.09
2023-05-13,26807.09,26788.88
2023-05-14,26788.88,26931.44
2023-05-15,26931.44,27176.27
2023-05-16,27176.27,27036.57
2023-05-17,27036.57,27406.21
2023-05-18,27406.21,26823.31
2023-05-19,26823.31,26888.42
2023-05-20,26888.42,27118.54
2023-05-21,27118.54,26755.17
2023-05-22,26755.17,26855.4
2023-05-23,26855.4,27224.7
2023-05-24,27224.7,26326.17
2023-05-25,26326.17,26480.21
2023-05-26,26480.21,26719.7
2023-05-27,26719.7,26872.59
2023-05-28,26872.59,28077.57
2023-05-29,28077.57,27746.07
2023-05-30,27746.07,27703.56
2023-05-31,27703.56,27220.17
2023-06-01,27220.17,26825.73
2023-06-02,26825.73,27251.14
2023-06-03,27251.14,27078.3
2023-06-04,27078.3,27125.24
2023-06-05,27125.24,25740.46
2023-06-06,25740.46,27269.02
2023-06-07,27269.02,26348.91
2023-06-08,26348.91,26509.09
2023-06-09,26509.09,26483.81
2023-06-10,26483.81,25856.18
2023-06-11,25856.18,25937.58
2023-06-12,25937.58,25905.64
2023-06-13,25905.64,25928.94
2023-06-14,25928.94,25125.73
2023-06-15,25125.73,25574.36
2023-06-16,25574.36,26330.59
2023-06-17,26330.59,26510.43
2023-06-18,26510.43,26338.0
2023-06-19,26338.0,26842.09
2023-06-20,26842.09,28319.35
2023-06-21,28319.35,30000.55
2023-06-22,30000.55,29892.81
2023-06-23,29892.81,30705.39
2023-06-24,30705.39,30548.2
2023-06-25,30548.2,30473.64
2023-06-26,30473.64,30271.91
2023-06-27,30271.91,30696.99
2023-06-28,30696.99,30078.9
2023-06-29,30078.9,30447.17
2023-06-30,30447.17,30471.06
2023-07-01,30471.06,30590.76
2023-07-02,30590.76,30617.66
2023-07-03,30617.66,31160.24
2023-07-04,31160.24,30774.39
2023-07-05,30774.39,30503.07
2023-07-06,30503.07,29907.98
2023-07-07,29907.98,30349.69
2023-07-08,30349.69,30294.36
2023-07-09,30294.36,30171.49
2023-07-10,30171.49,30421.04
2023-07-11,30421.04,30626.62
2023-07-12,30626.62,30385.22
2023-07-13,30385.22,31475.78
2023-07-14,31475.78,30331.09
2023-07-15,30331.09,30298.45
2023-07-16,30298.45,30248.17
2023-07-17,30248.17,30147.68
2023-07-18,30147.68,29863.79
2023-07-19,29863.79,29918.6
2023-07-20,29918.6,29809.61
2023-07-21,29809.61,29911.46
2023-07-22,29911.46,29791.61
2023-07-23,29791.61,30085.68
2023-07-24,30085.68,29181.04
2023-07-25,29181.04,29226.63
2023-07-26,29226.63,29352.06
2023-07-27,29352.06,29217.05
2023-07-28,29217.05,29316.82
2023-07-29,29316.82,29358.76
2023-07-30,29358.76,29283.34
2023-07-31,29283.34,29231.47
2023-08-01,29231.47,29699.74
2023-08-02,29699.74,29163.69
2023-08-03,29163.69,29177.75
2023-08-04,29177.75,29078.51
2023-08-05,29078.51,29050.34
2023-08-06,29050.34,29046.16
2023-08-07,29046.16,29182.16
2023-08-08,29182.16,29770.51
2023-08-09,29770.51,29566.47
2023-08-10,29566.47,29428.1
2023-08-11,29428.1,29403.56
2023-08-12,29403.56,29417.08
2023-08-13,29417.08,29281.55
2023-08-14,29281.55,29409.22
2023-08-15,29409.22,29171.23
2023-08-16,29171.23,28702.8
2023-08-17,28702.8,26629.67
2023-08-18,26629.67,26049.69
2023-08-19,26049.69,26095.8
2023-08-20,26095.8,26191.01
2023-08-21,26191.01,26126.18
2023-08-22,26126.18,26043.01
2023-08-23,26043.01,26429.4
2023-08-24,26429.4,26166.22
2023-08-25,26166.22,26051.29
2023-08-26,26051.29,26010.35
2023-08-27,26010.35,26091.32
2023-08-28,26091.32,26106.0
2023-08-29,26106.0,27724.41
2023-08-30,27724.41,27305.41
2023-08-31,27305.41,25937.29
2023-09-01,25937.29,25798.79
2023-09-02,25798.79,25868.56
2023-09-03,25868.56,25971.37
2023-09-04,25971.37,25816.24
2023-09-05,25816.24,25785.01
2023-09-06,25785.01,25751.71
2023-09-07,25751.71,26264.75
2023-09-08,26264.75,25907.13
2023-09-09,25907.13,25898.41
2023-09-10,25898.41,25833.67
2023-09-11,25833.67,25157.07
2023-09-12,25157.07,25840.34
2023-09-13,25840.34,26227.49
2023-09-14,26227.49,26533.66
2023-09-15,26533.66,26605.49
2023-09-16,26605.49,26569.13
2023-09-17,26569.13,26533.12
2023-09-18,26533.12,26767.82
2023-09-19,26767.82,27219.02
2023-09-20,27219.02,27126.4
2023-09-21,27126.4,26567.47
2023-09-22,26567.47,26583.16
2023-09-23,26583.16,26585.41
2023-09-24,26585.41,26261.44
2023-09-25,26261.44,26297.93
2023-09-26,26297.93,26212.59
2023-09-27,26212.59,26360.2
2023-09-28,26360.2,27027.2
2023-09-29,27027.2,26909.4
2023-09-30,26909.4,26964.27
2023-10-01,26964.27,27994.51
2023-10-02,27994.51,27507.22
2023-10-03,27507.22,27428.66
2023-10-04,27428.66,27789.8
2023-10-05,27789.8,27414.59
2023-10-06,27414.59,27946.61
2023-10-07,27946.61,27973.69
2023-10-08,27973.69,27933.57
2023-10-09,27933.57,27598.77
2023-10-10,27598.77,27395.4
2023-10-11,27395.4,26871.21
2023-10-12,26871.21,26756.23
2023-10-13,26756.23,26862.9
2023-10-14,26862.9,26854.52
2023-10-15,26854.52,27177.41
2023-10-16,27177.41,28518.37
2023-10-17,28518.37,28409.46
2023-10-18,28409.46,28328.07
2023-10-19,28328.07,28733.78
2023-10-20,28733.78,29684.37
2023-10-21,29684.37,29924.08
2023-10-22,29924.08,30001.44
2023-10-23,30001.44,33084.08
2023-10-24,33084.08,33923.52
2023-10-25,33923.52,34503.4
2023-10-26,34503.4,34157.06
2023-10-27,34157.06,33907.7
2023-10-28,33907.7,34090.05
2023-10-29,34090.05,34535.38
2023-10-30,34535.38,34494.56
2023-10-31,34494.56,34657.73
2023-11-01,34657.73,35439.76
2023-11-02,35439.76,34947.15
2023-11-03,34947.15,34732.28
2023-11-04,34732.28,35086.09
2023-11-05,35086.09,35039.47
2023-11-06,35039.47,35054.59
2023-11-07,35054.59,35421.85
2023-11-08,35421.85,35638.33
2023-11-09,35638.33,36704.14
2023-11-10,36704.14,37321.51
2023-11-11,37321.51,37142.22
2023-11-12,37142.22,37079.76
2023-11-13,37079.76,36482.51
2023-11-14,36482.51,35551.21
2023-11-15,35551.21,37884.19
2023-11-16,37884.19,36162.42
2023-11-17,36162.42,36626.32
2023-11-18,36626.32,36591.19
2023-11-19,36591.19,37388.64
2023-11-20,37388.64,37476.66
2023-11-21,37476.66,35758.72
2023-11-22,35758.72,37424.2
2023-11-23,37424.2,37299.18
2023-11-24,37299.18,37737.05
2023-11-25,37737.05,37801.92
2023-11-26,37801.92,37460.21
2023-11-27,37460.21,37246.29
2023-11-28,37246.29,37836.63
2023-11-29,37836.63,37861.9
2023-11-30,37861.9,37729.58
2023-12-01,37729.58,38699.84
2023-12-02,38699.84,39469.35
2023-12-03,39469.35,39980.93
2023-12-04,39980.93,41984.41
2023-12-05,41984.41,44089.06
2023-12-06,44089.06,43771.01
2023-12-07,43771.01,43285.02
2023-12-08,43285.02,44186.18
2023-12-09,44186.18,43723.0
2023-12-10,43723.0,43791.67
2023-12-11,43791.67,41235.58
2023-12-12,41235.58,41472.94
2023-12-13,41472.94,42887.55
2023-12-14,42887.55,43030.6
2023-12-15,43030.6,41939.16
2023-12-16,41939.16,42243.26
2023-12-17,42243.26,41349.42
2023-12-18,41349.42,42650.27
2023-12-19,42650.27,42268.08
2023-12-20,42268.08,43669.91
2023-12-21,43669.91,43875.01
2023-12-22,43875.01,44008.04
2023-12-23,44008.04,43732.75
2023-12-24,43732.75,43023.12
2023-12-25,43023.12,43593.79
2023-12-26,43593.79,42517.32
2023-12-27,42517.32,43469.34
2023-12-28,43469.34,42588.94
2023-12-29,42588.94,42073.59
2023-12-30,42073.59,42146.03
2023-12-31,42146.03,42280.14
2024-01-01,42280.14,44197.61
2024-01-02,44197.61,44970.34
2024-01-03,44970.34,42854.08
2024-01-04,42854.08,44194.38
2024-01-05,44194.38,44178.89
2024-01-06,44178.89,43988.33
2024-01-07,43988.33,43950.84
2024-01-08,43950.84,46988.14
2024-01-09,46988.14,46123.0
2024-01-10,46123.0,46667.48
2024-01-11,46667.48,46353.15
2024-01-12,46353.15,42776.42
2024-01-13,42776.42,42839.19
2024-01-14,42839.19,41704.39
2024-01-15,41704.39,42491.26
2024-01-16,42491.26,43130.88
2024-01-17,43130.88,42739.27
2024-01-18,42739.27,41286.68
2024-01-19,41286.68,41625.47
2024-01-20,41625.47,41677.08
2024-01-21,41677.08,41570.17
2024-01-22,41570.17,39523.63
2024-01-23,39523.63,39876.44
2024-01-24,39876.44,40078.62
2024-01-25,40078.62,39941.74
2024-01-26,39941.74,41816.55
2024-01-27,41816.55,42124.02
2024-01-28,42124.02,42028.92
2024-01-29,42028.92,43302.28
2024-01-30,43302.28,42943.64
2024-01-31,42943.64,42555.08
2024-02-01,42555.08,43073.2
2024-02-02,43073.2,43181.71
2024-02-03,43181.71,42999.52
2024-02-04,42999.52,42570.21
2024-02-05,42570.21,42664.56
2024-02-06,42664.56,43091.51
2024-02-07,43091.51,44339.04
2024-02-08,44339.04,45304.61
2024-02-09,45304.61,47154.23
2024-02-10,47154.23,47768.12
2024-02-11,47768.12,48311.16
2024-02-12,48311.16,49942.97
2024-02-13,49942.97,49733.11
2024-02-14,49733.11,51844.19
2024-02-15,51844.19,51934.57
2024-02-16,51934.57,52163.28
2024-02-17,52163.28,51668.78
2024-02-18,51668.78,52139.33
2024-02-19,52139.33,51781.22
2024-02-20,51781.22,52269.59
2024-02-21,52269.59,51854.36
2024-02-22,51854.36,51263.67
2024-02-23,51263.67,50744.07
2024-02-24,50744.07,51574.61
2024-02-25,51574.61,51727.63
2024-02-26,51727.63,54518.58
2024-02-27,54518.58,57071.6
2024-02-28,57071.6,62507.1
2024-02-29,62507.1,61179.58
2024-03-01,61179.58,62431.25
2024-03-02,62431.25,62038.39
2024-03-03,62038.39,63149.43
2024-03-04,63149.43,68338.64
2024-03-05,68338.64,63804.11
2024-03-06,63804.11,66115.57
2024-03-07,66115.57,66928.15
2024-03-08,66928.15,68269.39
2024-03-09,68269.39,68446.32
2024-03-10,68446.32,69023.53
2024-03-11,69023.53,72095.86
2024-03-12,72095.86,71449.5
2024-03-13,71449.5,73118.09
2024-03-14,73118.09,71366.96
2024-03-15,71366.96,69497.39
2024-03-16,69497.39,65260.55
2024-03-17,65260.55,68364.45
2024-03-18,68364.45,67609.44
2024-03-19,67609.44,61924.02
2024-03-20,61924.02,67857.3
2024-03-21,67857.3,65493.22
2024-03-22,65493.22,63816.99
2024-03-23,63816.99,64004.42
2024-03-24,64004.42,67208.33
2024-03-25,67208.33,69892.26
2024-03-26,69892.26,69990.22
2024-03-27,69990.22,69434.46
2024-03-28,69434.46,70789.57
2024-03-29,70789.57,69903.72
2024-03-30,69903.72,69629.99
2024-03-31,69629.99,71312.91
2024-04-01,71312.91,69686.37
2024-04-02,69686.37,65466.81
2024-04-03,65466.81,65986.11
2024-04-04,65986.11,68523.79
2024-04-05,68523.79,67860.53
2024-04-06,67860.53,68913.79
2024-04-07,68913.79,69357.32
2024-04-08,69357.32,71629.36
2024-04-09,71629.36,69129.48
2024-04-10,69129.48,70628.54
2024-04-11,70628.54,70026.43
2024-04-12,70026.43,67158.3
2024-04-13,67158.3,64021.36
2024-04-14,64021.36,65765.64
2024-04-15,65765.64,63447.27
2024-04-16,63447.27,63824.7
2024-04-17,63824.7,61283.74
2024-04-18,61283.74,63511.2
2024-04-19,63511.2,63848.26
2024-04-20,63848.26,64979.21
2024-04-21,64979.21,64955.82
2024-04-22,64955.82,66854.24
2024-04-23,66854.24,66415.06
2024-04-24,66415.06,64263.95
2024-04-25,64263.95,64488.49
2024-04-26,64488.49,63750.63
2024-04-27,63750.63,63434.44
2024-04-28,63434.44,63111.34
2024-04-29,63111.34,63847.54
2024-04-30,63847.54,60633.97
2024-05-01,60633.97,58277.44
2024-05-02,58277.44,59083.85
2024-05-03,59083.85,62917.45
2024-05-04,62917.45,63904.51
2024-05-05,63904.51,64037.5
2024-05-06,64037.5,63168.44
2024-05-07,63168.44,62323.36
2024-05-08,62323.36,61179.81
2024-05-09,61179.81,63077.18
2024-05-10,63077.18,60790.82
2024-05-11,60790.82,60823.19
2024-05-12,60823.19,61459.22
2024-05-13,61459.22,62932.29
2024-05-14,62932.29,61548.48
2024-05-15,61548.48,66245.16
2024-05-16,66245.16,65250.53
2024-05-17,65250.53,67051.35
2024-05-18,67051.35,66927.56
2024-05-19,66927.56,66268.25
2024-05-20,66268.25,71430.23
2024-05-21,71430.23,70141.17
2024-05-22,70141.17,69123.56
2024-05-23,69123.56,67946.35
2024-05-24,67946.35,68548.33
2024-05-25,68548.33,69288.95
2024-05-26,69288.95,68488.29
2024-05-27,68488.29,69386.83
2024-05-28,69386.83,68330.84
2024-05-29,68330.84,67576.81
2024-05-30,67576.81,68346.19
2024-05-31,68346.19,67482.25
2024-06-01,67482.25,67721.6
2024-06-02,67721.6,67738.74
2024-06-03,67738.74,68799.6
2024-06-04,68799.6,70548.51
2024-06-05,70548.51,71117.68
2024-06-06,71117.68,70772.35
2024-06-07,70772.35,69330.51
2024-06-08,69330.51,69303.58
2024-06-09,69303.58,69639.42
2024-06-10,69639.42,69505.57
2024-06-11,69505.57,67319.41
2024-06-12,67319.41,68247.0
2024-06-13,68247.0,66742.54
2024-06-14,66742.54,66006.13
2024-06-15,66006.13,66188.81
2024-06-16,66188.81,66631.59
2024-06-17,66631.59,66481.73
2024-06-18,66481.73,65158.02
2024-06-19,65158.02,64950.82
2024-06-20,64950.82,64847.89
2024-06-21,64847.89,64119.34
2024-06-22,64119.34,64250.18
2024-06-23,64250.18,63181.02
2024-06-24,63181.02,60270.95
2024-06-25,60270.95,61796.56
2024-06-26,61796.56,60824.43
2024-06-27,60824.43,61630.1
2024-06-28,61630.1,60324.3
2024-06-29,60324.3,60905.3
2024-06-30,60905.3,62685.88
2024-07-01,62685.88,62841.27
2024-07-02,62841.27,62044.48
2024-07-03,62044.48,60157.2
2024-07-04,60157.2,57041.11
2024-07-05,57041.11,56646.24
2024-07-06,56646.24,58255.65
2024-07-07,58255.65,55866.6
2024-07-08,55866.6,56709.76
2024-07-09,56709.76,58047.2
2024-07-10,58047.2,57725.78
2024-07-11,57725.78,57348.75
2024-07-12,57348.75,57913.68
2024-07-13,57913.68,59231.06
2024-07-14,59231.06,60818.77
2024-07-15,60818.77,64765.55
2024-07-16,64765.55,65087.61
2024-07-17,65087.61,64096.64
2024-07-18,64096.64,63981.43
2024-07-19,63981.43,66708.49
2024-07-20,66708.49,67163.86
2024-07-21,67163.86,68176.98
2024-07-22,68176.98,67567.71
2024-07-23,67567.71,65939.83
2024-07-24,65939.83,65375.53
2024-07-25,65375.53,65794.0
2024-07-26,65794.0,67925.17
2024-07-27,67925.17,67904.55
2024-07-28,67904.55,68252.75
2024-07-29,68252.75,66782.78
2024-07-30,66782.78,66180.04
2024-07-31,66180.04,64617.83
2024-08-01,64617.83,65300.21
2024-08-02,65300.21,61422.3
2024-08-03,61422.3,60679.28
2024-08-04,60679.28,58135.89
2024-08-05,58135.89,54031.82
2024-08-06,54031.82,56057.67
2024-08-07,56057.67,55130.45
2024-08-08,55130.45,61708.53
2024-08-09,61708.53,60868.88
2024-08-10,60868.88,60940.82
2024-08-11,60940.82,58725.0
2024-08-12,58725.0,59360.89
2024-08-13,59360.89,60609.73
2024-08-14,60609.73,58698.05
2024-08-15,58698.05,57552.92
2024-08-16,57552.92,58893.67
2024-08-17,58893.67,59497.94
2024-08-18,59497.94,58439.22
2024-08-19,58439.22,59464.41
2024-08-20,59464.41,59027.55
2024-08-21,59027.55,61170.8
2024-08-22,61170.8,60387.29
2024-08-23,60387.29,64087.8
2024-08-24,64087.8,64180.77
2024-08-25,64180.77,64264.62
2024-08-26,64264.62,62850.27
2024-08-27,62850.27,59441.73
2024-08-28,59441.73,59043.5
2024-08-29,59043.5,59369.85
2024-08-30,59369.85,59129.05
2024-08-31,59129.05,58989.17
2024-09-01,58989.17,57313.44
2024-09-02,57313.44,59147.8
2024-09-03,59147.8,57481.84
2024-09-04,57481.84,57975.52
2024-09-05,57975.52,56167.4
2024-09-06,56167.4,53954.33
2024-09-07,53954.33,54167.82
2024-09-08,54167.82,54879.33
2024-09-09,54879.33,57056.31
2024-09-10,57056.31,57642.43
2024-09-11,57642.43,57354.27
2024-09-12,57354.27,58140.61
2024-09-13,58140.61,60548.12
2024-09-14,60548.12,60013.26
2024-09-15,60013.26,59139.21
2024-09-16,59139.21,58210.01
2024-09-17,58210.01,60321.59
2024-09-18,60321.59,61775.68
2024-09-19,61775.68,62963.41
2024-09-20,62963.41,63211.47
2024-09-21,63211.47,63363.17
2024-09-22,63363.17,63587.45
2024-09-23,63587.45,63341.97
2024-09-24,63341.97,64276.65
2024-09-25,64276.65,63144.83
2024-09-26,63144.83,65183.68
2024-09-27,65183.68,65790.28
2024-09-28,65790.28,65868.67
2024-09-29,65868.67,65611.98
2024-09-30,65611.98,63314.81
2024-10-01,63314.81,60790.06
2024-10-02,60790.06,60641.8
2024-10-03,60641.8,60746.35
2024-10-04,60746.35,62094.06
2024-10-05,62094.06,62059.19
2024-10-06,62059.19,62821.76
2024-10-07,62821.76,62209.84
2024-10-08,62209.84,62129.17
2024-10-09,62129.17,60585.22
2024-10-10,60585.22,60280.38
2024-10-11,60280.38,62517.42
2024-10-12,62517.42,63197.03
2024-10-13,63197.03,62854.48
2024-10-14,62854.48,66068.25
2024-10-15,66068.25,67064.69
2024-10-16,67064.69,67614.71
2024-10-17,67614.71,67408.87
2024-10-18,67408.87,68425.63
2024-10-19,68425.63,68370.04
2024-10-20,68370.04,69020.94
2024-10-21,69020.94,67358.14
2024-10-22,67358.14,67390.32
2024-10-23,67390.32,66612.97
2024-10-24,66612.97,68163.56
2024-10-25,68163.56,66577.77
2024-10-26,66577.77,67014.72
2024-10-27,67014.72,67945.14
2024-10-28,67945.14,69925.83
2024-10-29,69925.83,72723.67
2024-10-30,72723.67,72331.96
2024-10-31,72331.96,70207.54
2024-11-01,70207.54,69473.41
2024-11-02,69473.41,69354.01
2024-11-03,69354.01,68747.04
2024-11-04,68747.04,67811.95
2024-11-05,67811.95,69378.09
2024-11-06,69378.09,75643.57
2024-11-07,75643.57,75922.41
2024-11-08,75922.41,76562.31
2024-11-09,76562.31,76716.41
2024-11-10,76716.41,80429.43
2024-11-11,80429.43,88758.31
2024-11-12,88758.31,88040.54
2024-11-13,88040.54,90498.51
2024-11-14,90498.51,87334.19
2024-11-15,87334.19,91058.92
2024-11-16,91058.92,90630.94
2024-11-17,90630.94,89877.16
2024-11-18,89877.16,90514.83
2024-11-19,90514.83,92418.48
2024-11-20,92418.48,94379.92
2024-11-21,94379.92,98436.25
2024-11-22,98436.25,99010.89
2024-11-23,99010.89,97765.04
2024-11-24,97765.04,98018.2
2024-11-25,98018.2,93019.38
2024-11-26,93019.38,91903.89
2024-11-27,91903.89,95957.51
2024-11-28,95957.51,95670.41
2024-11-29,95670.41,97510.92
2024-11-30,97510.92,96473.51
2024-12-01,96473.51,97276.47
2024-12-02,97276.47,95859.75
2024-12-03,95859.75,95928.37
2024-12-04,95928.37,98751.87
2024-12-05,98751.87,97053.82
2024-12-06,97053.82,99897.97
2024-12-07,99897.97,99926.38
2024-12-08,99926.38,101189.81
2024-12-09,101189.81,97338.34
2024-12-10,97338.34,96657.88
2024-12-11,96657.88,101203.07
2024-12-12,101203.07,100041.98
2024-12-13,100041.98,101429.78
2024-12-14,101429.78,101402.95
2024-12-15,101402.95,104424.54
2024-12-16,104424.54,106089.2
2024-12-17,106089.2,106140.14
2024-12-18,106140.14,100147.26
2024-12-19,100147.26,97381.1
2024-12-20,97381.1,97769.49
2024-12-21,97769.49,97223.39
2024-12-22,97223.39,95098.66
2024-12-23,95098.66,94771.64
2024-12-24,94771.64,98606.93
2024-12-25,98606.93,99356.06
2024-12-26,99356.06,95680.19
2024-12-27,95680.19,94170.09
2024-12-28,94170.09,95140.15
2024-12-29,95140.15,93564.85
2024-12-30,93564.85,92646.21
2024-12-31,92646.21,93391.98
2025-01-01,93391.98,94392.51
2025-01-02,94392.51,96900.96
2025-01-03,96900.96,98135.8
2025-01-04,98135.8,98213.69
2025-01-05,98213.69,98346.97
2025-01-06,98346.97,102282.2
2025-01-07,102282.2,96942.47
2025-01-08,96942.47,95051.06
2025-01-09,95051.06,92548.12
2025-01-10,92548.12,94710.29
2025-01-11,94710.29,94569.95
2025-01-12,94569.95,94505.67
2025-01-13,94505.67,94517.66
2025-01-14,94517.66,96526.87
2025-01-15,96526.87,100510.84
2025-01-16,100510.84,99979.43
2025-01-17,99979.43,104111.13
2025-01-18,104111.13,104431.52
2025-01-19,104431.52,101212.56
2025-01-20,101212.56,102148.74
2025-01-21,102148.74,106155.61
2025-01-22,106155.61,103669.08
2025-01-23,103669.08,103933.88
2025-01-24,103933.88,104854.78
2025-01-25,104854.78,104733.15
2025-01-26,104733.15,102576.93
2025-01-27,102576.93,102065.72
2025-01-28,102065.72,101284.47
2025-01-29,101284.47,103742.97
2025-01-30,103742.97,104739.58
2025-01-31,104739.58,102412.41
2025-02-01,102412.41,100619.87
2025-02-02,100619.87,97665.06
2025-02-03,97665.06,101451.28
2025-02-04,101451.28,97794.88
2025-02-05,97794.88,96633.71
2025-02-06,96633.71,96564.27
2025-02-07,96564.27,96532.73
2025-02-08,96532.73,96475.59
2025-02-09,96475.59,96485.6
2025-02-10,96485.6,97458.59
2025-02-11,97458.59,95781.05
2025-02-12,95781.05,97874.61
2025-02-13,97874.61,96632.78
2025-02-14,96632.78,97508.71
2025-02-15,97508.71,97596.21
2025-02-16,97596.21,96132.69
2025-02-17,96132.69,95790.31
2025-02-18,95790.31,95630.67
2025-02-19,95630.67,96640.99
2025-02-20,96640.99,98345.66
2025-02-21,98345.66,96150.27
2025-02-22,96150.27,96580.46
2025-02-23,96580.46,96274.12
2025-02-24,96274.12,91536.97
2025-02-25,91536.97,88609.26
2025-02-26,88609.26,84128.38
2025-02-27,84128.38,84657.34
2025-02-28,84657.34,84322.57
2025-03-01,84322.57,86050.58
2025-03-02,86050.58,94275.76
2025-03-03,94275.76,86158.95
2025-03-04,86158.95,87255.42
2025-03-05,87255.42,90610.8
2025-03-06,90610.8,89931.91
2025-03-07,89931.91,86766.61
2025-03-08,86766.61,86225.0
2025-03-09,86225.0,80719.05
2025-03-10,80719.05,78561.62
2025-03-11,78561.62,82919.47
2025-03-12,82919.47,83665.14
2025-03-13,83665.14,81081.43
2025-03-14,81081.43,83995.47
2025-03-15,83995.47,84355.92
2025-03-16,84355.92,82572.37
2025-03-17,82572.37,84025.12
2025-03-18,84025.12,82716.74
2025-03-19,82716.74,86878.5
2025-03-20,86878.5,84178.31
2025-03-21,84178.31,84060.48
2025-03-22,84060.48,83837.39
2025-03-23,83837.39,86091.67
2025-03-24,86091.67,87520.48
2025-03-25,87520.48,87439.7
2025-03-26,87439.7,86923.95
2025-03-27,86923.95,87218.89
2025-03-28,87218.89,84387.01
2025-03-29,84387.01,82625.65
2025-03-30,82625.65,82379.51
2025-03-31,82379.51,82539.52
2025-04-01,82539.52,85174.96
2025-04-02,85174.96,82490.58
2025-04-03,82490.58,83158.8
2025-04-04,83158.8,83860.21
2025-04-05,83860.21,83503.37
2025-04-06,83503.37,78365.57
2025-04-07,78365.57,79143.06
2025-04-08,79143.06,76255.1
2025-04-09,76255.1,82587.03
2025-04-10,82587.03,79554.96
2025-04-11,79554.96,83386.0
2025-04-12,83386.0,85272.12
2025-04-13,85272.12,83730.92
2025-04-14,83730.92,84575.75
2025-04-15,84575.75,83638.17
2025-04-16,83638.17,84029.4
2025-04-17,84029.4,84943.42
2025-04-18,84943.42,84459.96
2025-04-19,84459.96,85061.54
2025-04-20,85061.54,85167.14
2025-04-21,85167.14,87515.57
2025-04-22,87515.57,93483.3
2025-04-23,93483.3,93729.23
2025-04-24,93729.23,94022.48
2025-04-25,94022.48,94711.24
2025-04-26,94711.24,94663.66
2025-04-27,94663.66,93777.44
2025-04-28,93777.44,95035.06
2025-04-29,95035.06,94274.16
2025-04-30,94274.16,94186.14
2025-05-01,94186.14,96519.31
2025-05-02,96519.31,96925.07
2025-05-03,96925.07,95903.14
2025-05-04,95903.14,94394.09
2025-05-05,94394.09,94767.95
2025-05-06,94767.95,96835.87
2025-05-07,96835.87,97052.27
2025-05-08,97052.27,103259.0
2025-05-09,103259.0,102982.3
2025-05-10,102982.3,104814.08
2025-05-11,104814.08,104124.02
2025-05-12,104124.02,102802.44
2025-05-13,102802.44,104136.59
2025-05-14,104136.59,103543.76
2025-05-15,103543.76,103787.64
2025-05-16,103787.64,103499.6
2025-05-17,103499.6,103159.32
2025-05-18,103159.32,106488.62
2025-05-19,106488.62,105618.19
2025-05-20,105618.19,106875.88
2025-05-21,106875.88,109699.86
2025-05-22,109699.86,111722.11
2025-05-23,111722.11,107332.91
2025-05-24,107332.91,107779.46
2025-05-25,107779.46,109041.44
2025-05-26,109041.44,109461.24
2025-05-27,109461.24,108975.95
2025-05-28,108975.95,107821.11
2025-05-29,107821.11,105586.78
2025-05-30,105586.78,104039.27
2025-05-31,104039.27,104654.65
2025-06-01,104654.65,105702.19
2025-06-02,105702.19,105908.79
2025-06-03,105908.79,105447.66
2025-06-04,105447.66,104746.0
2025-06-05,104746.0,101580.61
2025-06-06,101580.61,104392.54
2025-06-07,104392.54,105625.23
2025-06-08,105625.23,105779.28
2025-06-09,105779.28,110302.12
2025-06-10,110302.12,110296.2
2025-06-11,110296.2,108676.78
2025-06-12,108676.78,105726.04
2025-06-13,105726.04,106121.08
2025-06-14,106121.08,105481.13
2025-06-15,105481.13,105625.23
2025-06-16,105625.23,106855.39
2025-06-17,106855.39,104598.68
2025-06-18,104598.68,104927.87
2025-06-19,104927.87,104699.72
2025-06-20,104699.72,103313.31
2025-06-21,103313.31,102165.68
2025-06-22,102165.68,101015.42
2025-06-23,101015.42,105423.73
2025-06-24,105423.73,106133.25
2025-06-25,106133.25,107399.88
2025-06-26,107399.88,107012.17
2025-06-27,107012.17,107105.16
2025-06-28,107105.16,107346.44
2025-06-29,107346.44,108391.87
2025-06-30,108391.87,107169.82
2025-07-01,107169.82,105724.18
2025-07-02,105724.18,108886.62
2025-07-03,108886.62,109638.97
2025-07-04,109638.97,108027.71
2025-07-05,108027.71,108244.51
2025-07-06,108244.51,109233.93
2025-07-07,109233.93,108277.16
2025-07-08,108277.16,108955.05
2025-07-09,108955.05,111291.7
2025-07-10,111291.7,116023.34
2025-07-11,116023.34,117573.92
2025-07-12,117573.92,117468.16
2025-07-13,117468.16,119127.66
2025-07-14,119127.66,119869.01
2025-07-15,119869.01,117777.9
2025-07-16,117777.9,118700.37
2025-07-17,118700.37,119282.74
2025-07-18,119282.74,118025.92
2025-07-19,118025.92,117913.27
2025-07-20,117913.27,117328.61
2025-07-21,117328.61,117441.75
2025-07-22,117441.75,120023.5
2025-07-23,120023.5,118808.78
2025-07-24,118808.78,118397.33
2025-07-25,118397.33,117644.11
2025-07-26,117644.11,117971.27
2025-07-27,117971.27,119468.71
2025-07-28,119468.71,118059.92
2025-07-29,118059.92,117942.11
2025-07-30,117942.11,117853.3
2025-07-31,117853.3,115765.36
2025-08-01,115765.36,113263.48
2025-08-02,113263.48,112546.32
2025-08-03,112546.32,114238.83
2025-08-04,114238.83,115065.9
2025-08-05,115065.9,114127.63
2025-08-06,114127.63,115038.45
2025-08-07,115038.45,117522.28
2025-08-08,117522.28,116692.86
2025-08-09,116692.86,116501.28
2025-08-10,116501.28,119311.7
2025-08-11,119311.7,118714.58
2025-08-12,118714.58,120128.24
2025-08-13,120128.24,123374.56
2025-08-14,123374.56,118391.59
2025-08-15,118391.59,117440.09
2025-08-16,117440.09,117469.52
2025-08-17,117469.52,117488.0
2025-08-18,117488.0,116292.15
2025-08-19,116292.15,112870.67
2025-08-20,112870.67,114291.37
2025-08-21,114291.37,112491.84
2025-08-22,112491.84,116909.79
2025-08-23,116909.79,115391.76
2025-08-24,115391.76,113486.67
2025-08-25,113486.67,110150.15
2025-08-26,110150.15,111805.93
2025-08-27,111805.93,111276.98
2025-08-28,111276.98,112582.21
2025-08-29,112582.21,108393.15
2025-08-30,108393.15,108833.53
2025-08-31,108833.53,108273.72
2025-09-01,108273.72,109256.28
2025-09-02,109256.28,111245.94
2025-09-03,111245.94,111751.51
2025-09-04,111751.51,110732.33
2025-09-05,110732.33,110676.99
2025-09-06,110676.99,110230.16
2025-09-07,110230.16,111143.24
2025-09-08,111143.24,112089.06
2025-09-09,112089.06,111549.14
2025-09-10,111549.14,113988.2
2025-09-11,113988.2,115537.84
2025-09-12,115537.84,116116.26
2025-09-13,116116.26,115971.92
2025-09-14,115971.92,115351.87
2025-09-15,115351.87,115401.06
2025-09-16,115401.06,116838.31
2025-09-17,116838.31,116488.17
2025-09-18,116488.17,117126.46
2025-09-19,117126.46,115701.97
2025-09-20,115701.97,115756.07
2025-09-21,115756.07,115299.83
2025-09-22,115299.83,112747.85
2025-09-23,112747.85,112043.66
2025-09-24,112043.66,113360.69
2025-09-25,113360.69,109061.11
2025-09-26,109061.11,109723.94
2025-09-27,109723.94,109727.42
2025-09-28,109727.42,112226.65
2025-09-29,112226.65,114407.08
2025-09-30,114407.08,114078.18
2025-10-01,114078.18,118666.73
2025-10-02,118666.73,120630.71
2025-10-03,120630.71,120529.76
